"","ukcid","tx","age","bmi","diameter","neck_lgth","smoking","asa","bar","hb","k","abn_ecg","diabetes","htn","cld","stroke","I_sex","i_crea","i_card_dis","i_prev_aortic","abn_wcc","abn_na","cen","time"
"1",26,"FEVAR",83.7,35.265306122,95,0,3,3,0.1569402687,12.4,4.2,0,0,1,0,0,0,0,1,0,1,0,0,61.7936925098555
"2",29,"FEVAR",78.3,28.405504356,57,17,1,3,0.0489669352,15.4,4.1,0,0,1,0,0,0,0,1,0,0,0,0,62.5821287779238
"3",48,"FEVAR",75.2,22.857142857,55,16,2,3,0.0545580504,13.2,4.6,0,0,1,0,0,0,0,1,0,0,1,0,60.3810775295664
"4",58,"FEVAR",85.1,25.432685956,63,0,1,3,0.0748574231,13.5,4.2,1,0,1,0,0,0,0,0,0,0,0,0,56.07752956636
"5",87,"FEVAR",79.5,25.249337205,57,7,2,3,0.0504208752,16,4.8,1,0,1,1,0,0,0,0,0,0,0,0,61.826544021025
"6",101,"FEVAR",71.7,22.321428571,65,0,1,3,0.0264925955,13.6,4,0,0,1,0,0,0,0,0,0,0,0,0,63.6662286465177
"7",104,"FEVAR",76.9,19.713321528,56,4,2,3,0.0608660336,11.8,4.4,0,0,1,0,0,0,0,1,0,0,1,1,38.6662286465177
"8",114,"FEVAR",74.3,29.411764706,64,7,1,3,0.0426870365,35,4.4,0,1,1,0,0,0,0,1,0,0,0,1,17.3784494086728
"9",134,"FEVAR",71.5,31.172839506,59,0,2,2,0.0279301089,13.9,4.2,1,0,1,0,0,0,0,1,0,0,0,0,57.7201051248357
"10",163,"FEVAR",80.5,33.333333333,63,0,2,3,0.1089735595,13.1,4,0,0,1,0,0,0,1,1,0,0,0,0,58.4099868593955
"11",171,"FEVAR",90.1,26.346494034,66,0,1,3,0.1953778311,12.6,4.5,0,0,1,1,0,0,1,1,0,0,0,1,13.3705650459921
"12",218,"FEVAR",70.2,25.127830533,55,8,2,3,0.0309652398,13.3,5.4,0,0,1,1,0,0,0,0,0,1,0,0,57.6872536136662
"13",226,"FEVAR",63.4,29.068773298,60,10,1,2,0.0135539129,14.9,4.1,0,0,0,1,0,0,0,0,0,1,0,0,57.6544021024967
"14",232,"FEVAR",72.6,25.777777778,58,0,1,3,0.0727068264,10.7,3.9,0,0,1,0,0,1,0,1,0,0,0,1,25.4599211563732
"15",233,"FEVAR",70,32.861373687,58,0,2,3,0.0445474663,12.3,4.7,0,0,1,0,1,1,0,0,0,0,0,0,58.442838370565
"16",251,"FEVAR",72.3,33.333333333,56,6,2,3,0.0343806972,14.5,4,0,0,1,0,0,0,0,1,0,0,0,0,60.0197109067017
"17",266,"FEVAR",76.1,27.041644132,67,0,2,2,0.0210791685,15.1,5,0,0,0,0,0,0,0,0,0,0,0,0,56.9645203679369
"18",269,"FEVAR",74.3,25.106332703,68,0,2,3,0.0608611645,13.2,4.7,1,1,1,1,0,0,0,1,0,0,0,1,30.880420499343
"19",278,"FEVAR",75.3,26.423569824,61,18,2,3,0.1049354374,13.9,4.9,0,0,1,0,0,0,0,1,1,0,0,0,59.1327201051248
"20",286,"FEVAR",72.7,27.774270925,61,5,2,1,0.0127925795,15.8,4.8,0,0,0,0,0,0,0,0,0,0,0,0,56.4388961892247
"21",287,"FEVAR",71.3,18.93877551,56,0,1,1,0.0110794859,12.3,5.2,0,0,0,0,0,0,0,0,0,0,0,1,23.784494086728
"22",289,"FEVAR",75.5,24.382372979,64,9,2,3,0.1289023678,11.8,4.6,1,0,1,1,0,1,0,0,0,1,0,0,61.0709592641261
"23",290,"FEVAR",72.9,21.461936624,55,10,2,3,0.1180047973,12.9,4.9,1,1,1,1,0,0,0,0,1,1,0,0,61.5965834428384
"24",307,"FEVAR",80.8,26.12244898,60,0,2,3,0.0416580771,12.7,4.7,0,0,0,0,1,0,0,0,0,0,0,1,0.0328515111695138
"25",340,"FEVAR",78.9,29.410758866,92,0,2,3,0.2090503807,35,4.6,0,0,1,0,0,0,1,1,0,1,0,1,43.2982917214192
"26",353,"FEVAR",86.1,28.228386465,61,15,2,2,0.0344388497,35,4.1,0,0,1,0,0,0,0,0,0,0,0,0,58.7713534822602
"27",368,"FEVAR",78,24.968009738,80,15,2,3,0.1561559643,35,4.8,0,0,1,0,0,0,0,1,1,0,0,1,41.9842312746386
"28",375,"FEVAR",80.8,29.387755102,80,0,2,2,0.0325343118,15.1,4.6,0,1,1,0,0,0,0,0,0,0,0,0,62.4507227332457
"29",377,"FEVAR",79.8,28.734672057,61,13,2,3,0.073607379,14.5,3.8,1,0,1,0,0,0,0,0,0,0,1,0,62.3193166885677
"30",397,"FEVAR",74,32.302861973,61,0,2,3,0.0546858657,15.2,3.9,1,1,1,0,0,0,0,1,0,0,0,1,34.9540078843627
"31",405,"FEVAR",86.7,26.128610829,57,0,2,3,0.1068648849,13.8,4.2,1,0,1,1,0,0,0,1,0,0,0,1,27.0039421813403
"32",425,"FEVAR",73.4,35.785147392,57,0,1,3,0.267715615,14.1,4.4,1,1,1,1,0,1,1,1,0,1,0,0,62.7463863337713
"33",431,"FEVAR",75.9,31.134580752,64,0,2,2,0.02005293,14.9,4.1,0,0,1,0,0,0,0,0,0,0,0,0,62.5821287779238
"34",441,"FEVAR",80.1,25.351541374,58,0,2,3,0.0564714544,35,4.3,0,0,1,1,1,0,0,0,0,1,0,0,59.592641261498
"35",462,"FEVAR",76.8,27.769797951,73,0,2,3,0.0552321537,35,4.4,0,1,1,0,0,0,0,1,0,0,0,0,63.042049934297
"37",507,"FEVAR",80.3,26.12244898,58,15,1,3,0.0555673211,13.7,4.3,0,0,0,1,0,0,0,1,0,0,0,1,42.6741130091984
"38",533,"FEVAR",79.1,22.582709172,76,15,2,3,0.1610854998,10.8,5.2,1,0,1,1,0,0,1,1,0,0,0,1,0.854139290407359
"39",563,"FEVAR",77,25.795918367,63,0,2,4,0.0896851568,14.1,3.9,0,1,1,1,0,0,0,0,0,0,0,0,63.0091984231275
"40",587,"FEVAR",71.5,26.812218711,67,0,1,3,0.0378414582,15.6,4.6,0,1,1,1,0,0,0,1,0,0,0,1,29.4021024967148
"42",612,"FEVAR",72.8,30.864197531,58,9,2,3,0.0257747487,14,4.4,0,0,1,1,0,0,0,0,0,0,0,0,62.9434954007884
"43",642,"FEVAR",75.3,30.863035869,64,7,2,3,0.0451818419,14.6,4.7,0,0,0,1,1,0,0,1,0,0,0,1,35.742444152431
"44",663,"FEVAR",78.6,25.854639471,87,0,3,3,0.1352175927,13,5,1,0,1,0,0,0,0,1,0,0,1,1,17.0170827858081
"45",725,"FEVAR",77,32.355544703,69,0,2,3,0.0376866258,16.5,4.3,0,0,1,0,0,0,0,0,0,0,0,0,59.1327201051248
"46",797,"FEVAR",71.3,24.314123966,59,0,2,2,0.0144811134,14.7,5.1,0,0,0,1,0,0,0,0,0,0,0,0,59.3298291721419
"47",799,"FEVAR",74.7,33.203125,58,0,1,3,0.0581784656,12.6,4.4,0,0,1,1,0,1,0,0,0,0,0,0,62.7792378449409
"48",832,"FEVAR",76.5,27.281746032,59,15,3,2,0.0273962263,14.6,4.6,0,0,1,0,0,0,0,1,0,0,0,0,57.4244415243101
"49",898,"FEVAR",71.5,28.042816593,61,5,1,3,0.0248810204,14.7,4.1,0,1,1,1,0,0,0,0,0,0,0,1,22.2733245729304
"50",915,"FEVAR",68.6,34.765625,57,10,1,3,0.04084912,35,4.7,0,0,1,1,0,0,0,1,0,1,0,0,56.6031537450723
"51",925,"FEVAR",64.8,26.026174896,60,15,1,3,0.0227370392,16.7,4.9,1,0,0,1,0,0,0,0,0,0,0,0,57.227332457293
"52",955,"FEVAR",65.3,35.295549515,71,0,2,2,0.0169191358,14.6,4.3,0,1,1,0,0,0,0,1,0,0,0,0,59.2969776609724
"53",974,"FEVAR",69.8,34.185536888,57,0,2,3,0.0214590245,15.2,4.5,0,1,0,1,0,0,0,0,0,0,0,0,57.6215505913272
"54",975,"FEVAR",69.8,30.405292526,56,0,2,3,0.0211850401,14.8,4.4,0,0,1,0,0,0,0,0,0,0,0,0,59.5597897503285
"55",980,"FEVAR",67.4,35.111238788,59,7,2,2,0.0210989923,12.5,3.8,0,0,1,0,0,0,1,0,0,0,0,0,63.5019710906702
"56",1006,"FEVAR",65,21.678806798,68,3,1,3,0.0254866626,14,4.6,1,0,1,1,0,0,0,0,0,0,0,0,57.7529566360053
"57",1014,"FEVAR",71.2,31.246054791,63,3,2,2,0.0213438849,13.3,4.5,0,0,1,0,0,0,0,1,0,0,0,0,57.227332457293
"58",1022,"FEVAR",62.7,29.726516052,60,5,2,3,0.0201804695,13.4,4.6,1,0,1,0,0,0,0,0,0,0,0,0,57.227332457293
"59",1090,"FEVAR",70.1,27.700831025,60,9,1,3,0.0226857115,15,3.9,0,0,0,0,0,0,0,0,0,0,0,1,29.4021024967148
"60",1114,"FEVAR",65.3,28.400547964,62,0,1,2,0.0204114349,14.7,4.3,1,0,1,0,0,0,0,1,0,0,0,0,58.8042049934297
"61",1168,"FEVAR",65.4,27.776929886,58,8,2,3,0.0229283762,15.1,4.7,1,1,1,1,0,0,0,0,0,0,0,0,57.6544021024967
"62",1169,"FEVAR",64.2,27.173119065,57,0,2,3,0.0211441924,15.7,4.7,1,0,1,0,0,0,0,0,0,0,0,0,57.2601839684625
"63",1209,"FEVAR",70.2,25.925925926,58,0,2,3,0.0313093032,13.8,4.8,0,0,1,0,0,0,0,1,0,0,0,0,58.2128777923784
"64",1227,"FEVAR",65.4,46.768707483,62,3,2,4,0.0873632994,16.3,4.2,1,0,1,0,0,0,0,1,0,0,0,1,2.95663600525624
"65",1233,"FEVAR",66.8,34.797472605,60,0,2,2,0.015486912,12.9,4.3,0,0,0,0,0,0,0,0,0,0,1,0,57.3915900131406
"66",1242,"FEVAR",69.8,22.783308885,64,0,1,3,0.0339807871,11.6,3.7,0,0,1,1,0,0,0,0,0,1,0,1,43.8567674113009
"67",1300,"FEVAR",64.9,45.165418345,59,6,1,3,0.0337751484,14,4.5,0,1,1,0,0,1,0,0,0,0,0,0,63.7319316688568
"68",1360,"FEVAR",84.4,23.938989775,59,0,2,3,0.2548882666,11.1,4.2,0,0,1,1,0,0,1,1,0,1,1,1,21.5834428383706
"69",1394,"FEVAR",80,23.323418064,55,5,2,3,0.0540281539,9,5.2,0,0,1,1,0,0,0,0,0,1,0,1,6.57030223390276
"70",1409,"FEVAR",83,22.857142857,59,9,2,3,0.0631116436,13.8,4.4,1,0,1,1,0,0,0,0,0,0,0,0,58.1471747700394
"71",1415,"FEVAR",80.1,28.408184111,63,0,3,3,0.0416077014,15.5,4.1,0,0,1,0,0,0,0,0,0,0,0,0,57.8843626806833
"72",1416,"FEVAR",79.3,40.354297049,61,0,2,3,0.0738950083,11.9,4.6,1,0,1,1,0,0,0,1,0,0,0,0,58.1471747700394
"73",1426,"FEVAR",78.5,30.756367763,57,11,2,3,0.0476367861,15.6,4.6,1,0,1,0,0,0,0,0,0,0,0,0,63.2391590013141
"74",1438,"FEVAR",83.2,23.67125363,62,4,2,3,0.0689730107,13,3.8,0,0,1,1,0,0,0,1,0,0,0,1,38.9290407358738
"75",1456,"FEVAR",78.8,30.793382442,72,0,2,3,0.0827310743,13.3,4.1,1,0,1,0,0,0,0,1,0,0,0,1,47.9960578186597
"76",1458,"FEVAR",86.8,26.365603029,55,0,2,3,0.1047467235,12.5,4.2,1,0,1,0,0,0,0,1,0,0,0,0,59.7897503285151
"77",1476,"FEVAR",84.3,27.717685235,62,9,3,3,0.0994341165,12.2,4.4,1,0,1,0,0,0,0,1,0,0,0,0,57.9172141918528
"78",1477,"FEVAR",89,22.981901752,57,9,3,3,0.1660195046,13.7,4.6,1,0,1,0,0,0,0,1,0,0,1,0,60.676741130092
"79",1479,"FEVAR",80.7,26.250724947,67,0,3,3,0.0638135327,13.4,4.3,0,1,1,0,0,0,0,1,0,0,0,1,0.0657030223390276
"80",1531,"FEVAR",82.4,20.983987603,58,0,3,3,0.0643524675,13,4.6,0,0,1,0,0,0,0,0,0,1,0,0,56.6031537450723
"81",1576,"FEVAR",78.5,31.231409875,61,0,2,3,0.0750312939,15.6,4.4,0,1,1,0,0,1,0,0,0,0,0,0,58.6399474375821
"82",1581,"FEVAR",85.6,22.944088878,65,9,3,3,0.1112617217,11.4,4.6,1,0,0,0,0,0,0,1,0,0,0,1,31.6031537450723
"83",1592,"FEVAR",77.8,28.405504356,60,4,1,3,0.0351313986,11.6,4.5,0,1,0,0,0,0,0,0,0,0,0,0,61.4323258869908
"84",1699,"FEVAR",76.1,28.698979592,56,3,2,3,0.0731370647,11.9,4.6,0,1,1,0,0,0,0,0,1,0,0,0,59.3626806833114
"85",1705,"FEVAR",76.2,24.740937287,55,15,2,3,0.0547000859,13.8,4.2,0,0,1,0,0,0,1,0,0,0,0,1,47.0433639947438
"86",1712,"FEVAR",76.2,12.32,61,2,2,3,0.0440077291,14.7,3.7,1,0,1,1,0,0,0,0,0,0,0,0,61.5637319316689
"87",1728,"FEVAR",83.8,27.005130975,66,0,1,3,0.1017476043,13.2,5.1,1,0,1,0,0,0,0,1,0,0,0,0,58.4099868593955
"88",1757,"FEVAR",73.2,36.678200692,60,0,2,3,0.0380924187,15.2,4.5,0,1,1,0,0,0,0,1,0,0,0,0,61.2023653088042
"89",1761,"FEVAR",77.8,26.892323138,58,9,2,3,0.097689617,15.2,3.6,0,0,1,0,0,1,0,1,0,0,0,0,57.3915900131406
"90",1762,"FEVAR",75.7,21.887076365,66,0,1,3,0.0487456167,14.7,4.2,0,1,1,0,0,0,0,0,0,1,0,0,60.0197109067017
"91",1841,"FEVAR",79.2,40,63,0,3,2,0.0323387202,13.8,5.5,1,1,0,0,0,0,0,0,0,0,0,0,60.6438896189225
"92",1868,"FEVAR",72.1,25.306932047,65,0,2,3,0.0369470305,13.1,5.1,0,0,1,0,0,0,0,0,0,0,1,0,59.9540078843627
"93",1883,"FEVAR",81,26.093275201,72,0,1,3,0.0692176079,15.4,4,0,0,1,0,0,0,0,1,0,0,0,0,61.4323258869908
"94",1912,"FEVAR",80.8,19.568236334,56,0,2,2,0.023900402,13,5.1,0,0,1,1,0,0,0,0,0,0,0,1,34.0670170827858
"95",1931,"FEVAR",70.3,168.6109205,61,0,2,3,0.0327251953,11.9,4.4,0,1,1,1,0,0,0,1,0,0,0,1,40.3088042049934
"96",1946,"FEVAR",78.8,20.808561237,57,12,1,3,0.0682273342,14.9,4.5,1,0,1,0,0,0,0,1,0,0,0,0,59.2969776609724
"97",1951,"FEVAR",80.8,24.77209671,57,19,2,2,0.0242095039,13.9,3.9,0,0,1,0,0,0,0,0,0,0,0,0,56.5045992115637
"98",1986,"FEVAR",69.2,24.382372979,75,0,1,3,0.1244825168,35,4.4,0,0,1,0,0,0,0,0,1,1,1,1,39.388961892247
"99",2012,"FEVAR",81.3,32.458412659,60,0,3,2,0.0624830474,15.6,4,0,0,1,0,0,0,0,0,1,0,0,0,58.3442838370565
"100",2037,"FEVAR",78.3,35.830178475,63,0,2,3,0.0716322419,15.3,4.6,1,0,1,1,1,0,0,1,0,0,0,0,57.4901445466491
"101",2047,"FEVAR",83.8,25.165146272,64,0,2,3,0.0991660065,14,4.2,1,1,1,0,0,0,0,1,0,0,0,0,57.0302233902759
"102",2053,"FEVAR",80.3,20.244897959,65,4,2,3,0.058477688,11.1,4.4,1,0,0,1,0,0,0,0,0,0,0,1,22.3061760840999
"103",2056,"FEVAR",79.3,30.367346939,61,0,2,3,0.0704600075,14.2,4.6,0,0,1,0,0,0,1,0,0,0,0,0,63.5019710906702
"104",2078,"FEVAR",79.4,25.795918367,60,0,2,2,0.0560909948,13,3.8,0,0,1,1,0,0,0,0,1,0,0,0,60.2496714848883
"105",2089,"FEVAR",73.8,29.411764706,62,0,2,3,0.0404390248,15.2,4.4,0,0,1,0,0,0,0,1,0,0,0,1,41.5900131406045
"106",2106,"FEVAR",74.7,27.041644132,64,0,1,3,0.0591404592,14.3,4.6,1,1,1,0,0,0,0,1,0,0,0,0,59.46123521682
"107",2133,"FEVAR",83.7,27.580200319,64,0,2,3,0.0728072311,35,3.5,0,0,1,0,0,0,0,1,0,0,0,0,62.3521681997372
"108",2154,"FEVAR",85.4,25.535446392,77,0,2,3,0.1283454272,12.5,4.8,1,0,1,0,0,0,0,1,0,0,0,0,59.9868593955322
"109",2208,"FEVAR",68.2,27.414453693,73,9,2,2,0.0277203078,13.9,4.5,1,0,1,0,0,0,0,1,0,0,0,0,59.2969776609724
"110",2217,"FEVAR",86,27.777777778,56,3,2,3,0.0748626633,35,4.8,0,0,1,0,0,0,0,1,0,0,0,0,57.227332457293
"111",2280,"FEVAR",75.8,28.408184111,77,0,2,3,0.1352798071,11,4.5,1,1,1,0,0,0,1,1,0,0,0,0,55.6833114323259
"112",2290,"FEVAR",72.8,27.777777778,68,0,2,3,0.1286371022,12.4,4.2,0,0,1,1,0,0,1,0,1,0,0,0,54.5335085413929
"113",2304,"FEVAR",75.4,20.571428571,59,13,2,2,0.0182784959,11.8,4.5,0,0,0,1,0,0,0,0,0,0,0,0,52.6938239159001
"114",2316,"FEVAR",72.7,31.462672275,62,15,1,4,0.1802987647,35,5,1,1,1,1,0,0,0,1,0,0,1,0,51.0512483574244
"115",2317,"FEVAR",79.2,28.373702422,63,0,2,3,0.0556657624,13.6,4.5,0,0,1,0,0,0,0,1,0,0,0,1,35.2168199737188
"116",2332,"FEVAR",79.3,30.739416619,55,0,1,3,0.0652316825,13.6,4.3,0,0,1,1,0,0,1,0,0,0,0,1,32.8515111695138
"117",2334,"FEVAR",81.8,29.085872576,56,7,1,2,0.0252972395,16.1,4.2,0,0,1,0,0,0,0,0,0,0,0,0,52.6938239159001
"118",2395,"FEVAR",77.1,20.515086479,55,0,1,2,0.0545591415,15.4,4.4,0,0,0,0,0,1,0,1,0,0,0,0,53.1537450722733
"119",2412,"FEVAR",85.8,39.328231293,70,15,2,1,0.0302227599,13.7,4.9,0,0,0,0,0,0,0,0,0,0,0,1,26.149802890933
"120",2441,"FEVAR",76.8,26.296566837,89,0,2,3,0.0678395446,12.3,4.1,0,1,1,0,0,0,0,1,0,0,0,1,43.4296977660972
"121",2452,"FEVAR",79.3,25.249337205,70,15,2,2,0.0262744052,13.9,4,0,0,0,0,0,0,0,0,0,0,0,0,54.2706964520368
"122",2456,"FEVAR",87.3,29.036737786,79,4,2,3,0.1466934858,13.4,4.5,1,1,1,1,0,0,0,1,0,0,0,1,39.388961892247
"123",2465,"FEVAR",80.3,27.774423379,55,0,2,3,0.0972169694,12,4.3,0,0,1,1,0,0,1,1,0,0,0,1,27.5952693823916
"124",2542,"FEVAR",83.3,22.49817385,57,15,2,2,0.0279033089,9.8,4.2,0,0,1,1,0,0,0,0,0,0,0,0,51.9710906701708
"125",2593,"FEVAR",80.8,22.981901752,64,0,2,3,0.2018642171,12.8,4.8,1,0,1,1,0,0,0,1,1,0,0,1,34.2969776609724
"127",2732,"FEVAR",78.9,21.777553339,65,0,2,3,0.0812658012,10,5.1,0,0,1,0,0,0,0,1,0,1,0,1,23.5873850197109
"128",2746,"FEVAR",73,24.508945765,62,0,2,3,0.0386425994,13.5,4.5,0,0,1,1,0,0,0,1,0,0,0,1,20.26938239159
"129",2763,"FEVAR",74.6,22.386314277,94,0,2,4,0.4041294628,11.5,5,1,0,1,0,0,0,1,1,0,0,0,1,2.03679369250986
"130",2774,"FEVAR",72.8,23.661438615,65,0,2,3,0.0397077062,17,5.2,0,0,1,0,0,0,0,1,0,0,0,1,32.1287779237845
"131",2885,"FEVAR",68.7,29.387755102,63,0,2,3,0.0600973218,14.4,4.2,1,0,0,1,0,0,0,1,0,1,0,0,54.664914586071
"132",2900,"FEVAR",68.8,22.530612245,61,7,1,3,0.0407006995,11.1,4.8,1,1,1,1,0,0,0,1,0,0,0,0,55.3547963206307
"133",2901,"FEVAR",67.8,42.452679626,60,5,1,3,0.0390208172,13.8,4.4,1,1,1,0,0,0,0,0,0,1,0,1,28.2851511169514
"134",2921,"FEVAR",71.3,24.784257517,70,3,3,3,0.027615999,14,4.5,0,0,1,0,1,0,0,0,0,0,0,1,24.8357424441524
"135",2925,"FEVAR",70.5,34.285714286,87,0,2,3,0.0626087647,13.2,5.6,1,1,1,0,0,0,0,1,0,0,0,1,42.2141918528252
"136",2966,"FEVAR",71.1,25.978679566,70,0,1,3,0.0520672045,13.6,4.1,1,0,1,0,0,0,0,1,0,0,0,0,55.2233902759527
"137",2989,"FEVAR",65.3,30.273711807,80,0,3,3,0.0223336672,12.1,4.3,0,0,1,0,0,0,0,0,0,0,0,0,52.6281208935611
"138",2996,"FEVAR",65.2,32.075912994,75,0,2,3,0.020825231,15.1,4.2,0,1,1,1,0,0,0,0,0,0,0,0,53.580814717477
"139",3014,"FEVAR",65.1,28.408163265,74,0,1,3,0.0204428927,14.6,4.4,0,0,0,0,0,0,0,0,0,0,0,0,56.3731931668857
"140",3129,"FEVAR",83.7,21.971335857,75,0,3,4,0.39196215,11.9,4,0,1,1,0,0,0,1,1,0,0,0,0,53.7779237844941
"141",3136,"FEVAR",87.5,28.042816593,67,0,2,3,0.135125676,14.3,4.3,0,1,1,0,0,1,0,0,0,0,0,0,51.1826544021025
"142",3189,"FEVAR",85.9,22.857142857,67,0,2,3,0.1499535049,14.2,4.5,1,0,1,0,0,0,1,0,0,0,0,0,52.6938239159001
"143",3247,"FEVAR",74.7,22.031725685,58,0,2,3,0.0581784656,35,4,0,0,1,0,0,1,0,0,0,0,0,0,51.281208935611
"144",3294,"FEVAR",55.3,23.225431848,72,4,2,3,0.0160786978,15.8,4.6,0,0,1,1,0,0,0,1,0,0,0,1,35.0525624178712
"145",3336,"FEVAR",77.2,24.337479719,59,0,1,3,0.048514624,13.5,4.8,0,0,1,0,0,0,0,0,0,1,0,0,52.9237844940867
"146",3367,"FEVAR",79.3,22.499637103,59,0,2,3,0.0531780267,14.3,4.3,0,0,1,1,0,0,0,1,0,0,0,0,55.8475689881735
"147",3371,"FEVAR",70.4,30.040816327,60,5,2,3,0.0759348153,11.5,4.1,0,0,1,1,0,0,0,0,1,0,1,0,52.6281208935611
"148",3411,"FEVAR",78.8,29.068796151,73,0,2,2,0.0506148635,13,4.2,1,0,1,0,0,0,0,1,0,0,0,0,57.6872536136662
"149",3412,"FEVAR",77.8,21.672110131,83,0,2,3,0.0664762858,10.3,4.5,0,0,0,0,0,0,0,1,0,0,0,0,52.5952693823916
"150",3438,"FEVAR",75.9,24.977043159,58,0,3,4,0.5592940027,8.2,3.6,0,0,1,1,0,1,0,0,1,1,0,0,53.3180026281209
"151",3439,"FEVAR",73.3,25,56,0,1,3,0.095764809,13.8,4.6,0,0,1,0,0,0,1,1,0,1,0,1,28.8436268068331
"152",3477,"FEVAR",81.6,27.281746032,59,0,2,3,0.0782559824,12.3,4.5,0,0,1,1,0,0,1,0,0,0,0,0,53.6136662286465
"153",3494,"FEVAR",67.2,37.09825528,61,6,2,3,0.0897084779,14.2,4.3,1,1,1,0,0,0,0,1,1,0,0,0,51.7411300919842
"154",3514,"FEVAR",86,24.258674072,61,8,2,2,0.0342437915,14.2,4.4,0,0,0,0,0,0,0,0,0,0,0,1,26.1826544021025
"155",3519,"FEVAR",79.3,24.337479719,60,6,3,3,0.0538657736,11.9,4.4,0,0,0,0,0,0,0,1,0,0,0,0,55.6176084099869
"156",3553,"FEVAR",76.4,31.887755102,55,0,1,3,0.1062957474,11.1,3.5,0,1,1,1,0,0,0,0,1,1,0,1,22.4047306176084
"157",3555,"FEVAR",75.5,23.291229956,64,0,2,3,0.0324550248,14.2,4.7,0,0,1,0,0,0,0,0,0,0,0,0,52.2010512483574
"158",3556,"FEVAR",79.5,31.377989166,58,0,2,3,0.0992414013,13.4,5,0,1,1,1,0,0,1,0,0,1,0,0,51.7739816031537
"159",3635,"FEVAR",70.6,29.62962963,60,8,1,2,0.0140966232,14.7,3.9,0,0,1,1,0,0,0,0,0,0,0,0,51.7739816031537
"160",3639,"FEVAR",69.3,25.711662075,56,0,2,3,0.0417247834,14.3,4.5,0,0,1,1,0,1,0,0,0,0,0,0,51.4454664914586
"161",3673,"FEVAR",89.7,24.049343594,64,0,2,3,0.0727053723,11.9,4.4,0,0,1,0,0,0,0,0,0,0,0,0,47.9632063074901
"162",3689,"FEVAR",78.3,22.13673973,67,4,2,3,0.0535569342,13.1,4.3,1,0,1,1,0,0,0,0,0,0,0,1,4.23784494086728
"163",3692,"FEVAR",77.2,30.159156738,55,3,2,2,0.027079183,16.2,4.4,0,0,1,0,0,0,0,1,0,0,0,0,51.0183968462549
"164",3695,"FEVAR",72.9,32.653061224,55,0,2,3,0.0602031863,35,3.5,0,1,1,1,0,0,0,0,1,0,0,0,50.9855453350854
"165",3701,"FEVAR",78.8,27.990362812,60,0,2,3,0.075777035,15.5,4.2,0,0,0,1,0,0,0,1,0,1,0,0,48.2917214191853
"166",3712,"FEVAR",74.6,27.469135802,56,15,2,4,0.1363922982,35,4.2,1,0,1,0,0,0,0,1,0,0,0,1,25.5584756898817
"167",3720,"FEVAR",75.8,29.402920245,61,4,3,2,0.0270137306,13.9,3.9,0,1,1,0,0,0,0,1,0,0,0,0,48.6859395532194
"168",3793,"FEVAR",76.3,24.691358025,105,0,3,3,0.0809915865,12,4.3,0,0,1,0,0,0,0,1,0,0,0,1,17.4441524310118
"169",3841,"FEVAR",85.1,24.976086725,80,2,2,3,0.0687677771,12.5,4.6,0,0,1,1,0,0,0,0,0,0,0,0,48.4888304862024
"170",3879,"FEVAR",85.3,25.259515571,61,0,2,3,0.1416480244,35,4.4,1,0,1,0,0,0,0,1,0,0,1,1,18.8896189224704
"171",3883,"FEVAR",76.2,29.387755102,62,0,2,3,0.0842691025,15,4.6,0,0,1,0,0,0,1,1,0,0,0,0,47.1419185282523
"172",3888,"FEVAR",79.6,24.691358025,58,5,2,3,0.097099408,9.9,4,0,0,0,0,0,0,1,1,0,0,0,0,52.431011826544
"173",3946,"FEVAR",88.8,34.312524071,74,17,2,3,0.2669857481,15.1,3.7,0,0,1,1,0,0,0,1,1,0,0,0,48.5545335085414
"174",4001,"FEVAR",80.3,29.938271605,64,12,3,3,0.0600210467,13.6,4.3,0,1,1,0,0,0,0,1,0,0,0,1,23.5216819973719
"175",4067,"FEVAR",79,27.852007979,55,2,2,3,0.1725013873,35,4.5,0,0,1,1,0,1,0,0,1,0,0,0,49.7043363994744
"176",4148,"FEVAR",68.3,25.510204082,65,0,2,4,0.1946582154,9.8,4.5,1,0,1,1,0,0,1,1,0,0,0,1,1.08409986859396
"177",4261,"FEVAR",69.2,20.380434783,58,7,2,3,0.0403267604,14,4.6,0,0,1,1,0,0,0,1,0,0,1,0,51.7082785808147
"178",4373,"FEVAR",65.3,39.214313224,55,0,2,4,0.0586240651,12.4,4.2,0,0,1,0,0,0,0,1,0,0,0,0,48.915900131406
"179",4443,"FEVAR",83.8,24.21875,85,4,3,3,0.1298844591,10.4,4.4,1,0,0,1,0,0,0,1,0,0,0,1,12.023653088042
"180",4466,"FEVAR",88.2,24.691358025,68,7,2,2,0.0597766597,15.6,4.5,0,0,1,0,0,0,0,1,0,0,0,0,50.8212877792378
"181",4526,"FEVAR",80.8,28.075042938,61,4,2,3,0.0594149144,13,5,0,1,1,0,0,0,0,1,0,0,0,0,48.718791064389
"182",4578,"FEVAR",71.8,27.6816609,63,0,2,3,0.0375827542,14.6,4.3,0,0,1,1,0,0,0,0,0,1,0,0,48.0617608409987
"183",4589,"FEVAR",74.7,19.031141869,59,0,1,3,0.0290833335,13.7,4.8,0,0,1,0,0,0,0,0,0,0,0,0,50.9855453350854
"184",4605,"FEVAR",87.9,27.660095935,74,3,3,3,0.0746399046,13.4,4.2,0,0,1,1,0,0,0,0,0,0,0,1,26.8725361366623
"185",4661,"FEVAR",88.9,26.332888752,60,4,2,3,0.0659947556,12.7,4.7,0,0,1,1,0,0,0,0,0,0,0,0,50.3942181340342
"186",4668,"FEVAR",75.4,32.66078569,61,18,1,3,0.0310508219,11.2,4.6,0,1,1,1,0,0,0,0,0,0,0,0,47.8318002628121
"187",4772,"FEVAR",86.8,26.989619377,68,6,1,3,0.0649160748,12.9,4.9,0,1,1,0,0,0,0,0,0,0,0,1,3.64651773981603
"188",4820,"FEVAR",79.3,26.892323138,66,0,2,3,0.0793203946,14,4.1,0,0,1,1,0,0,0,1,0,0,1,0,48.5216819973719
"189",4824,"FEVAR",67,34.567901235,58,6,1,3,0.0252759987,12.1,3.8,0,0,1,1,0,0,0,0,0,0,1,0,48.0617608409987
"190",4826,"FEVAR",68.5,19.713321528,73,0,1,4,0.1200016244,12.5,4.1,1,0,1,1,0,0,0,1,0,0,0,0,52.8580814717477
"191",4881,"FEVAR",81.7,23.011176857,59,5,2,3,0.0609446015,15,4.3,0,0,1,0,0,0,0,1,0,0,0,0,48.7516425755585
"192",4889,"FEVAR",72.8,23.530366343,67,0,3,2,0.0354118064,13.1,4,0,0,1,0,0,1,0,0,0,0,0,0,48.5216819973719
"193",4896,"FEVAR",79.8,22.093170054,63,13,1,3,0.1047257762,12,4.8,0,0,1,0,0,0,1,1,0,0,0,0,49.0144546649146
"194",4919,"FEVAR",75.8,29.411764706,58,0,1,2,0.0184597979,35,4.9,0,0,1,0,0,0,0,0,0,0,0,0,49.7043363994744
"195",4930,"FEVAR",78.3,22.939750693,57,0,3,3,0.324357168,12.2,4.4,1,0,0,0,0,1,0,1,1,0,0,0,48.0946123521682
"196",4932,"FEVAR",79.1,28.081632653,62,6,2,3,0.0546437738,10.6,4,0,0,1,0,0,0,0,1,0,0,0,0,48.0617608409987
"197",4972,"FEVAR",72,22.530864198,62,0,2,4,0.1270975979,12.4,4.7,1,0,1,0,1,0,0,1,0,0,0,0,47.1419185282523
"198",4999,"FEVAR",79.5,31.637396694,62,3,2,3,0.0537667518,11.4,4.4,1,0,1,0,0,0,0,0,0,0,0,0,47.7989487516426
"199",5015,"FEVAR",73.6,24.725182933,72,7,2,3,0.05871148,13,4.4,0,0,1,1,0,0,1,0,0,0,0,0,53.3837056504599
"200",5047,"FEVAR",81,25.510204082,63,0,2,3,0.1431517532,11,4.6,1,0,1,1,0,0,0,0,1,0,0,0,50.9855453350854
"201",5065,"FEVAR",74.2,30.071168432,82,10,2,3,0.0534910997,13.9,4.5,0,0,1,0,0,0,0,1,0,0,0,0,53.0551905387648
"202",5071,"FEVAR",74.6,24.435186669,55,0,2,3,0.0556613093,35,4.5,0,0,1,1,0,1,0,0,0,0,0,0,62.2536136662286
"203",5096,"FEVAR",76,32.744161181,55,0,2,3,0.0297433411,14.6,5,0,0,1,0,0,0,0,0,0,0,0,0,52.2010512483574
"204",5116,"FEVAR",81.9,26.573129252,90,3,2,3,0.1243344707,35,4.8,1,0,1,0,0,0,0,1,0,0,0,1,42.4113009198423
"205",5136,"FEVAR",75.3,28.400547964,65,0,2,3,0.0457661749,15.7,4.1,0,0,1,1,0,0,0,1,0,0,0,0,58.8042049934297
"206",5146,"FEVAR",87.8,31.588613407,56,5,3,3,0.1680220598,11.7,4.4,0,0,1,0,0,1,0,1,0,0,0,0,55.5847568988173
"207",5163,"FEVAR",74.5,30.116213152,74,0,2,3,0.0490949059,14.1,4.6,0,1,0,1,0,0,0,1,0,0,0,1,21.4520367936925
"208",5169,"FEVAR",72.1,30.021501886,63,0,1,3,0.1020624906,14.5,4,1,0,1,1,0,1,0,1,0,0,0,0,53.8436268068331
"210",5186,"FEVAR",74.2,21.967120181,68,3,1,2,0.0191674836,13.1,4.7,0,0,1,0,0,0,0,0,0,0,0,0,52.9237844940867
"211",5282,"FEVAR",74.3,32.407407407,56,9,2,2,0.0398808109,35,4.4,0,0,1,0,0,0,0,0,1,0,0,0,56.3731931668857
"212",5312,"FEVAR",73.3,24.021275987,60,7,2,3,0.027207571,35,4,0,1,1,1,0,0,0,0,0,0,0,0,55.8475689881735
"213",5323,"FEVAR",59.5,26.19618735,56,0,1,3,0.0284872118,14.5,5,0,1,1,1,0,0,0,0,1,0,0,1,18.3968462549277
"214",5335,"FEVAR",64.9,24.489795918,84,0,1,3,0.0229834704,15.1,3.9,0,0,1,0,0,0,0,0,0,0,0,0,50.4927726675427
"215",5391,"FEVAR",63,33.59375,60,15,1,3,0.0308876145,15.5,4.9,0,0,1,1,0,0,0,1,0,1,0,0,59.7240473061761
"216",5397,"FEVAR",65.3,26.840610468,63,0,2,2,0.010842193,13,4.8,0,0,1,0,0,0,0,0,0,0,0,0,55.4204993429698
"217",5429,"FEVAR",70.3,27.414453693,59,0,2,3,0.07698767,35,4.4,0,0,1,0,1,0,0,1,1,0,0,0,53.3508541392904
"218",5436,"FEVAR",65.5,35.261707989,56,10,2,3,0.0663441295,10.3,3.9,0,0,1,1,0,1,0,0,0,1,1,0,51.215505913272
"219",5440,"FEVAR",64.9,28.305995065,59,0,1,3,0.0166685761,15.3,4.2,0,0,0,0,0,0,0,0,0,0,0,0,60.9724047306176
"220",5490,"FEVAR",79.6,29.28390291,58,2,2,3,0.0933947636,11.3,5.7,1,0,1,0,0,0,1,0,0,0,0,1,2.52956636005256
"221",5511,"FEVAR",80.2,20.761245675,65,22,1,3,0.0818726736,13,4.8,1,0,0,1,0,0,0,1,0,0,0,1,24.6386333771353
"222",5548,"FEVAR",85.4,24.691358025,121,0,2,3,0.4107666448,8,4.1,1,0,1,0,0,0,1,1,0,0,0,1,43.6268068331143
"223",5549,"FEVAR",88.9,24.092970522,72,0,2,3,0.1569104529,10.6,4.3,0,0,1,0,0,0,0,1,0,1,0,0,60.0525624178712
"224",5587,"FEVAR",71.6,22.491349481,61,0,2,3,0.0250227467,13.6,4.5,0,0,1,0,0,0,0,0,0,0,0,0,61.6622864651774
"225",5589,"FEVAR",79.4,25.029760996,61,0,2,3,0.0389712923,15.3,4.2,0,0,1,0,0,0,0,0,0,0,0,0,63.2391590013141
"226",5593,"FEVAR",85.5,24.655909616,75,13,1,3,0.0659703421,9.9,5.4,0,0,1,0,0,0,0,0,0,0,0,1,33.8699080157687
"227",5611,"FEVAR",79.3,34.472852629,65,0,3,3,0.0831332946,14.6,4.6,0,0,1,1,0,0,0,1,0,1,0,0,63.6990801576872
"228",5649,"FEVAR",89.2,24.221453287,58,0,2,3,0.4476068495,11.3,3.8,1,0,1,0,0,0,1,1,0,1,1,1,47.634691195795
"229",5651,"FEVAR",81,28.305995065,57,10,3,3,0.0405406542,12.8,4.2,0,0,0,1,0,0,0,0,0,0,0,1,5.97897503285151
"230",5656,"FEVAR",79.6,22.837370242,63,0,2,3,0.0404426645,14.9,4,0,0,1,1,0,0,0,0,0,0,0,0,48.6859395532194
"231",5675,"FEVAR",78.9,20.244897959,60,15,1,4,0.1391253436,35,4,0,0,0,1,0,0,0,0,0,1,0,0,52.365308804205
"232",5708,"FEVAR",79.8,34.94943486,61,0,2,3,0.0561342015,12.6,4.4,0,0,1,0,0,0,0,1,0,0,0,0,54.8948751642576
"233",5768,"FEVAR",75.2,23.243801653,72,0,1,4,0.178165925,13,4.9,1,0,0,1,0,0,0,0,0,1,0,0,58.0814717477004
"234",5769,"FEVAR",76.8,21.224489796,73,4,1,4,0.1419741898,11.2,4.5,0,0,1,1,0,0,0,1,0,0,0,0,47.2733245729304
"235",5786,"FEVAR",81,26.233555804,55,4,2,3,0.2776066765,11.6,4.9,1,1,1,1,1,1,1,1,0,0,0,0,53.7450722733246
"236",5789,"FEVAR",81.3,21.333333333,55,10,1,2,0.0670571526,12.9,4.2,0,0,1,1,0,1,0,0,0,0,1,0,63.3705650459921
"237",5790,"FEVAR",85.2,25.978679566,62,16,3,3,0.0548781503,14.9,4.1,0,0,1,0,0,0,0,0,0,0,0,1,17.3784494086728
"238",5854,"FEVAR",72.8,37.949063923,55,6,1,3,0.0958270763,13.9,3.9,1,0,1,0,0,1,0,1,0,0,0,0,53.5479632063075
"239",5889,"FEVAR",76.2,30.116213152,84,7,1,3,0.0832722432,17.6,4.8,1,1,1,0,0,0,0,1,0,0,0,0,49.1787122207622
"240",5930,"FEVAR",76.3,32.861373687,68,7,1,2,0.0616143796,14.5,5,0,1,0,1,0,1,0,1,0,0,0,0,55.5847568988173
"241",5948,"FEVAR",86.2,28.395061728,64,0,2,3,0.11364906,13.6,4.3,1,1,1,0,0,0,0,1,0,0,0,0,53.6136662286465
"242",5959,"FEVAR",71.8,23.148148148,60,0,1,2,0.0150909508,12.7,4.3,0,0,0,0,0,0,0,0,0,0,0,0,55.6833114323259
"243",5977,"FEVAR",78.2,31.141868512,76,0,2,3,0.0621540064,35,4.8,0,1,1,0,0,0,0,1,0,0,0,1,29.4021024967148
"244",5987,"FEVAR",71.8,18.513198634,62,5,1,3,0.0256359401,15,5.2,0,0,1,1,0,0,0,0,0,0,0,0,55.1248357424441
"245",5996,"FEVAR",75.6,34.086605227,79,0,2,3,0.0806553613,14,4.9,0,0,1,0,0,0,0,1,0,1,0,0,60.6438896189225
"246",6005,"FEVAR",67.8,26.296566837,59,0,1,3,0.0196533003,14.9,4,0,0,1,0,1,0,0,0,0,0,0,0,54.6977660972405
"247",6020,"FEVAR",68.3,23.225431848,63,0,2,3,0.0288279464,14.6,4.4,1,0,0,1,0,0,0,0,0,0,0,1,43.8239159001314
"248",6051,"FEVAR",71.3,22.093170054,70,6,2,3,0.0680059553,35,4.7,1,0,0,1,0,0,1,0,0,0,0,0,52.8909329829172
"249",6058,"FEVAR",66.4,28.088991031,81,0,2,4,0.0619003156,13.9,4.6,0,0,1,1,0,0,0,0,0,0,0,0,53.5479632063075
"250",6064,"FEVAR",69.4,30.555555556,59,0,2,3,0.0303053807,16.6,5,0,0,1,0,0,0,0,1,0,0,0,0,55.7818659658344
"251",6088,"FEVAR",63.1,30.023243802,65,0,1,3,0.023525508,14,4.6,0,1,1,1,0,0,0,0,0,1,0,0,51.7411300919842
"252",6104,"FEVAR",74.1,25.648917616,60,15,1,3,0.0400903348,12.3,4.9,0,0,1,0,0,0,0,1,0,0,0,1,23.5873850197109
"253",6106,"FEVAR",82.3,25.503615702,62,0,2,3,0.088756377,11.3,3.9,1,0,1,0,0,0,0,1,0,0,0,0,63.8961892247043
"254",6131,"FEVAR",85.4,25.308641975,62,3,2,2,0.0335244586,12.4,5.1,0,0,1,0,0,0,0,0,0,0,0,0,55.2233902759527
"255",6148,"FEVAR",73.7,34.285714286,66,0,1,3,0.0423308138,16.8,4.4,0,0,1,0,0,0,0,1,0,0,0,0,56.7017082785808
"256",6150,"FEVAR",74.8,29.069767442,64,19,2,3,0.0594773328,13.8,4.5,1,0,1,0,0,0,0,1,0,0,0,0,54.4021024967148
"257",6151,"FEVAR",82.9,25.029760996,56,0,2,3,0.0445840102,12.2,4,0,0,1,1,0,0,0,0,0,0,0,1,35.7752956636005
"258",6158,"FEVAR",74.4,26.234567901,61,15,2,2,0.0249487889,35,4.4,0,1,0,1,0,0,0,1,0,0,0,0,56.0446780551905
"259",6190,"FEVAR",80.9,22.491349481,77,0,2,3,0.073392759,15.1,4,0,0,1,1,0,0,0,1,0,0,0,1,15.6701708278581
"260",6197,"FEVAR",73.3,27.465303141,57,6,2,1,0.0125729198,15.3,4.4,0,0,0,0,0,0,0,0,0,0,0,0,54.0078843626807
"261",6198,"FEVAR",74.9,29.410734918,56,11,1,3,0.0398521071,14.7,5.1,0,0,0,1,0,0,0,1,0,0,0,0,60.0525624178712
"262",6199,"FEVAR",70.5,25.94548396,55,0,1,3,0.0217628694,15.2,4.6,0,0,1,1,0,0,0,0,0,0,0,0,55.1248357424441
"263",6200,"FEVAR",74.3,34.086605227,61,6,2,4,0.0749817896,16.5,4.5,0,0,0,1,0,0,0,0,0,0,0,0,53.7450722733246
"264",6219,"FEVAR",75.9,21.872422819,60,5,1,3,0.0444060304,16.1,5,0,0,0,1,0,0,0,1,0,0,0,0,54.6977660972405
"265",6227,"FEVAR",67,24.382716049,64,8,1,2,0.024649467,13.9,3.5,0,1,0,1,0,0,0,1,0,1,0,1,34.1984231274639
"266",6277,"FEVAR",67,27.34375,61,11,2,3,0.0278882451,13.1,4,0,0,1,0,0,0,0,0,0,1,0,0,49.6386333771353
"267",6285,"FEVAR",75.5,27.475629493,62,5,2,3,0.0431229475,13.6,5,0,0,1,0,0,0,0,0,0,0,1,0,63.8961892247043
"268",6286,"FEVAR",82.7,32,55,0,1,2,0.0355971393,13.8,4.5,1,0,1,1,0,0,0,0,0,0,0,0,62.8120893561104
"269",6341,"FEVAR",78.5,25.249337205,57,15,2,2,0.0405122857,15,4.4,1,0,1,0,0,0,0,1,0,0,0,0,41.3929040735874
"270",6369,"FEVAR",82.2,26.365603029,60,15,2,3,0.0451060002,14.9,4.6,0,0,0,1,0,0,0,0,0,0,0,0,46.9119579500657
"271",6378,"FEVAR",75.8,20.449137418,74,0,2,3,0.1550108755,11.6,4.7,0,1,1,1,0,1,0,1,0,1,0,0,46.0249671484888
"272",6399,"FEVAR",75.2,25.689561925,64,3,2,3,0.0449259365,16,4.1,0,1,1,0,0,0,0,1,0,0,0,0,46.5834428383706
"273",6423,"FEVAR",86.7,23.4375,75,15,2,4,0.7014609833,35,5.3,1,0,1,1,0,1,0,1,0,0,0,0,42.3127463863338
"274",6432,"FEVAR",85.2,26.86873566,76,0,2,3,0.1252754959,13.3,3.7,1,0,1,0,0,0,0,1,0,0,0,0,42.5098554533509
"275",6448,"FEVAR",73.8,22.992624444,65,0,2,3,0.0420283873,12.5,4,0,0,1,0,0,0,0,1,0,0,0,0,46.9448094612352
"276",6463,"FEVAR",79.3,21.971335857,73,0,1,3,0.0921341142,12.8,4.9,0,0,0,1,0,0,0,1,0,1,0,1,4.59921156373193
"277",6471,"FEVAR",67.2,31.020408163,60,0,1,3,0.0531020365,14,4.7,1,0,1,1,0,0,0,1,0,1,0,0,44.7437582128778
"278",6477,"FEVAR",73.6,27.700831025,63,5,2,4,0.1449204946,35,4.1,1,1,1,1,0,0,0,0,0,1,0,0,43.8896189224704
"279",6515,"FEVAR",72.1,28.344671202,70,0,2,3,0.0551102255,35,4.7,1,1,1,1,0,0,0,1,0,0,0,1,19.2181340341656
"280",6554,"FEVAR",81.8,20.515086479,66,4,1,3,0.1764778335,11.6,4.4,0,0,0,1,0,0,1,1,0,1,0,1,18.6268068331143
"281",6555,"FEVAR",83.3,24.816326531,59,12,2,3,0.0667427234,14.2,4.5,0,0,1,1,0,0,0,1,0,0,0,1,22.1090670170828
"282",6556,"FEVAR",81.6,27.915518825,59,0,2,3,0.0605994174,12,4.7,0,0,1,0,0,0,0,1,0,0,0,0,41.8528252299606
"283",6557,"FEVAR",82.3,27.469281664,61,0,2,2,0.0277530371,13.3,5.1,0,0,1,1,0,0,0,0,0,0,0,1,9.2969776609724
"284",6627,"FEVAR",87.4,25.432685956,61,11,2,3,0.1170645251,15.1,4.4,1,0,1,0,0,0,0,1,0,0,0,0,40.6701708278581
"285",6658,"FEVAR",75.3,30.668904959,76,5,1,3,0.0738691496,13.8,4.3,0,1,1,1,0,0,0,0,0,1,1,0,41.8528252299606
"286",6666,"FEVAR",81.2,35.918367347,66,8,2,4,0.2271283506,13.6,4.5,0,1,1,0,0,0,0,1,0,0,1,0,40.0131406044678
"287",6686,"FEVAR",80.8,34.865702479,62,10,2,3,0.0601833225,13.4,4.2,0,0,1,0,1,0,0,1,0,0,0,0,41.4257555847569
"288",6714,"FEVAR",78.9,23.58832922,69,0,3,3,0.0591114875,11.3,4.8,0,0,1,0,0,0,0,1,0,0,0,0,44.4152431011827
"289",6739,"FEVAR",77.9,36.84424013,65,3,2,3,0.0718460244,17,4.4,1,0,1,0,0,0,0,1,0,0,0,1,0.0657030223390276
"290",6780,"FEVAR",77.3,20.603780346,76,11,1,3,0.0568033486,13.9,5.1,1,0,1,1,0,0,0,0,0,0,0,0,47.0762155059133
"291",6807,"FEVAR",84.3,23.510204082,67,5,2,3,0.6735385813,35,4.5,1,1,1,0,0,0,1,1,1,1,0,1,18.2982917214192
"292",6827,"FEVAR",81.8,25.680074054,60,0,2,3,0.0840822326,12.1,3.9,1,0,1,0,0,0,0,1,0,0,0,1,15.1116951379763
"293",6835,"FEVAR",79.1,30.040816327,57,5,2,2,0.0530579801,11.7,4.8,0,0,0,0,0,0,0,0,1,0,0,0,43.2325886990802
"294",6851,"FEVAR",75.4,28.680111098,60,11,3,4,0.0787970279,15.4,4.4,0,0,0,0,0,0,0,0,0,0,0,0,44.1524310118265
"295",6890,"FEVAR",79.8,19.789697543,58,20,1,3,0.0519507045,16.5,4.7,1,1,0,1,0,0,0,0,0,0,0,0,46.6491458607096
"296",6920,"FEVAR",71.8,25.765713456,59,7,2,3,0.0953110048,12.4,4,1,0,1,0,0,1,0,1,0,0,0,0,43.2654402102497
"297",7010,"FEVAR",68.8,23.120623596,55,0,1,3,0.0763513168,15,3.6,1,0,1,0,0,1,0,1,0,0,0,0,46.1892247043364
"298",7049,"FEVAR",67.4,23.722810652,60,0,1,3,0.049822928,13.7,4.8,0,0,1,0,0,0,1,1,0,0,0,0,40.0131406044678
"299",7106,"FEVAR",66.4,24.489795918,58,0,2,2,0.0108230193,14.8,4.4,0,0,1,0,0,0,0,0,0,0,0,0,46.7148488830486
"300",7113,"FEVAR",72.3,27.700831025,58,0,1,2,0.0275140086,16,4.2,0,0,0,0,0,0,1,0,0,0,0,0,44.6452036793692
"301",7120,"FEVAR",66.3,23.620287912,65,0,1,2,0.0230795116,15.7,4.3,1,0,1,0,0,0,0,0,0,1,0,0,43.8896189224704
"302",7143,"FEVAR",64,28.408163265,58,0,2,3,0.0156356768,35,4.4,0,0,1,1,0,0,0,0,0,0,0,0,47.1090670170828
"303",7165,"FEVAR",71.5,25.390625,135,0,2,3,0.3979416072,35,4.8,0,1,1,1,0,0,1,1,1,0,0,1,31.4060446780552
"304",7268,"FEVAR",71.9,30.32334259,60,0,1,3,0.0661268772,13.5,4,0,0,1,1,0,0,1,0,0,1,0,0,45.9921156373193
"305",7273,"FEVAR",65.3,26.794938017,56,0,2,2,0.0099095137,35,4.6,0,0,1,0,0,0,0,0,0,0,0,0,46.0249671484888
"306",7288,"FEVAR",71.2,34.602076125,62,10,1,3,0.0683823861,15.4,4.1,1,0,1,0,0,0,0,1,0,1,0,1,0.9526938239159
"307",7301,"FEVAR",63.7,30.44982699,63,5,1,3,0.0230799732,14,4.2,0,0,1,1,0,0,0,1,0,0,0,0,47.0762155059133
"308",7314,"FEVAR",67.5,21.604938272,78,0,1,3,0.0246642612,15.4,4.3,0,0,1,0,0,0,0,0,0,0,0,1,13.3705650459921
"309",7354,"FEVAR",65.4,25.142857143,55,10,2,3,0.0229364025,13.8,5.2,0,1,1,0,1,0,0,1,0,0,0,0,43.1668856767411
"310",7357,"FEVAR",64.8,146.28099174,92,13,2,3,0.0356623417,15.2,4.3,0,0,1,0,0,0,0,1,0,0,0,0,45.9921156373193
"311",7361,"FEVAR",62.6,19.111111111,70,0,1,3,0.0620745001,11.2,4.4,0,0,1,0,0,1,1,0,0,0,0,0,42.5755584756899
"312",7364,"FEVAR",62,25.925925926,62,0,2,3,0.0206880301,15,3.4,0,0,1,0,0,0,0,1,0,0,0,0,41.8199737187911
"313",7423,"FEVAR",68.1,32.192904936,56,5,2,3,0.019235072,14.2,4.5,0,0,1,1,1,0,0,0,0,0,0,0,45.7621550591327
"314",7476,"FEVAR",84.1,23.183673469,73,7,2,3,0.1139870994,13.6,5.6,0,0,1,0,0,0,0,1,0,0,1,1,10.2168199737188
"315",7490,"FEVAR",82.4,30.795847751,61,2,2,3,0.1602324028,12.1,4.7,1,0,1,0,0,0,1,1,0,0,0,0,44.7766097240473
"316",7511,"FEVAR",82.3,26.643598616,60,9,3,3,0.1161398745,12.4,4.9,0,0,1,0,1,0,1,1,0,0,0,1,18.5282522996058
"317",7555,"FEVAR",80.8,26.277285079,75,0,2,2,0.0736441919,13,4.4,0,0,1,0,0,0,0,0,1,0,0,0,44.8423127463863
"318",7568,"FEVAR",80.8,33.910034602,79,5,2,3,0.0531780267,14.8,3.9,0,0,1,1,1,0,0,0,0,0,0,0,44.119579500657
"319",7597,"FEVAR",77.1,25.308641975,62,0,2,3,0.0501357978,14.9,5.1,0,0,0,1,0,0,0,0,0,1,0,0,43.8239159001314
"320",7657,"FEVAR",79.7,24,70,12,1,3,0.1269654851,10.9,3.9,0,0,1,1,0,1,0,1,0,0,0,1,9.26412614980289
"321",7700,"FEVAR",60.8,20.830703194,62,0,2,2,0.0116720288,15.4,5,0,0,1,0,0,0,0,1,0,0,0,0,42.772667542707
"322",7703,"FEVAR",59.7,29.411764706,72,0,2,2,0.0124686224,35,4.4,0,0,1,0,0,0,0,1,0,0,0,0,44.3823915900131
"323",7707,"FEVAR",73.3,27.450604871,62,12,2,3,0.0532338929,12,4.5,1,0,1,1,0,0,0,1,0,0,0,0,40.2759526938239
"324",7743,"FEVAR",85.5,27.041644132,84,0,1,3,0.1787619941,15.4,3.5,0,0,1,0,0,0,0,0,1,0,0,0,44.1852825229961
"325",7752,"FEVAR",77.8,25.802214299,71,10,1,3,0.0819939348,12.9,5.1,0,0,0,1,1,1,0,0,0,0,0,1,8.01576872536137
"326",7815,"FEVAR",79.5,28.08988764,57,9,2,3,0.0709947037,12.4,5.4,1,0,1,0,0,0,0,1,0,0,0,0,44.5795006570302
"327",7816,"FEVAR",76.8,21.967857556,68,8,2,3,0.0498189423,10.4,4.1,1,0,1,1,0,0,0,0,0,0,0,1,11.5637319316689
"328",7928,"FEVAR",79.3,29.9136168,60,16,2,3,0.0538657736,13.5,3.6,0,1,1,0,0,0,0,1,0,0,0,0,45.335085413929
"329",7964,"FEVAR",82.6,26.927437642,90,10,2,3,0.0678456505,11.6,4.2,0,0,1,1,0,0,0,0,0,0,0,0,43.4296977660972
"330",7977,"FEVAR",75.5,36.157024793,61,7,1,3,0.0312276924,15,4.7,0,1,1,0,1,0,0,0,0,0,0,1,32.8515111695138
"331",7979,"FEVAR",79.8,34.93877551,68,6,2,3,0.0436191066,13.3,4.4,0,0,1,1,0,0,0,0,0,0,0,0,40.473061760841
"332",8008,"FEVAR",79.6,37.6917458,65,7,2,3,0.0584274188,14.4,4.2,0,0,1,0,0,0,0,1,0,0,0,0,45.0722733245729
"333",8049,"FEVAR",74.5,28.997893837,55,0,2,3,0.0384594823,15.3,4.7,0,0,1,0,1,0,0,1,0,0,0,0,40.473061760841
"334",8085,"FEVAR",78.6,29.864958449,60,0,2,3,0.0517660888,13.4,3.2,0,0,1,1,0,0,0,1,0,0,0,0,42.3455978975033
"335",8091,"FEVAR",78.2,28.305995065,59,0,2,3,0.0480511121,12.1,4,1,0,0,0,0,0,0,0,0,0,0,0,45.6636005256242
"336",8107,"FEVAR",78.4,24.031709372,57,15,2,3,0.0492458588,13.4,4.1,0,0,1,0,0,0,0,1,0,0,0,0,45.9921156373193
"337",8108,"FEVAR",72.8,21.224489796,71,0,1,3,0.1056197393,9.9,4.9,1,0,1,1,0,0,1,1,0,0,0,1,22.700394218134
"338",8111,"FEVAR",78.8,27.016859889,59,0,2,3,0.053130188,14.7,4.1,0,0,1,1,0,0,0,0,0,1,0,0,40.9001314060447
"339",8138,"FEVAR",71,22.530864198,77,0,2,3,0.0429916228,7,4.7,0,0,0,1,0,0,0,0,0,1,0,0,41.5900131406045
"340",8207,"FEVAR",71.3,35.713035258,61,0,2,3,0.0498463502,12.4,4.3,0,1,1,1,0,1,0,0,0,0,0,0,45.4336399474376
"341",8221,"FEVAR",68.3,27.732299776,63,11,2,3,0.0299714505,14,4.3,0,1,1,1,0,0,0,1,0,0,0,0,43.7253613666229
"342",8259,"FEVAR",65.3,30.040816327,62,0,2,4,0.0868684825,14.4,4.1,1,0,1,1,0,0,0,1,0,0,0,0,46.6819973718791
"343",8300,"FEVAR",83.5,24.220226843,63,19,3,3,0.0962457945,14.1,4.7,1,0,1,0,0,0,0,1,0,0,0,0,40.2102496714849
"344",8327,"FEVAR",77.8,28.72737719,67,0,2,3,0.038437951,14.1,4.3,0,0,0,0,0,0,0,0,0,0,0,0,44.8751642575558
"345",8328,"FEVAR",73.6,34.477720964,69,0,2,4,0.1522897991,12.7,4.4,1,0,1,1,0,0,0,1,0,0,0,0,44.2838370565046
"346",8339,"FEVAR",86.5,20.897959184,58,15,2,3,0.1143718839,14.9,5.2,0,0,1,0,0,0,0,1,0,1,0,1,0.328515111695138
"347",8355,"FEVAR",79.3,30.119375574,59,0,2,3,0.0720201023,12.8,4.6,1,0,1,0,0,0,0,1,0,0,0,1,10.2496714848883
"348",8374,"FEVAR",71.3,46.164772727,74,0,2,4,0.1913291568,15.3,4.6,0,1,1,1,0,0,1,1,0,0,0,0,43.9553219448095
"349",8422,"FEVAR",71.5,23.808690172,55,4,2,3,0.0442168209,13.1,4,0,0,1,0,0,0,0,1,0,0,1,0,40.8344283837056
"350",8529,"FEVAR",81,27.428571429,65,10,1,3,0.0862461381,11.9,4.7,0,0,1,1,0,0,0,1,0,0,1,1,13.8961892247043
"351",8548,"FEVAR",77.4,22.405876951,61,0,1,3,0.2317421379,13.9,4.6,1,0,1,1,0,0,0,1,1,1,0,0,46.2220762155059
"352",8568,"FEVAR",86.8,26.259584748,65,10,3,1,0.1111571848,10.9,4.3,0,0,1,0,0,0,1,1,0,1,0,0,42.0827858081472
"353",8587,"FEVAR",80.1,27.428571429,57,15,2,3,0.0542381903,13.5,4.8,0,1,1,0,0,0,0,1,0,0,0,0,43.4954007884363
"354",8589,"FEVAR",83.3,24.816326531,64,5,2,3,0.1244738034,10.4,5,1,1,1,0,0,0,1,0,0,0,0,1,8.11432325886991
"355",8626,"FEVAR",73.3,42.578125,69,5,2,3,0.1038082325,14.8,4.3,0,0,1,1,0,0,0,1,1,0,0,1,29.2049934296978
"356",8691,"FEVAR",69.3,24.02380867,66,3,1,3,0.0477173603,12.3,3.3,0,0,1,1,0,0,0,1,0,1,0,0,44.1852825229961
"357",8694,"FEVAR",69.8,24.489795918,55,0,2,2,0.0126321516,11.4,4.9,0,1,1,0,0,0,0,0,0,0,0,0,40.5059132720105
"358",8751,"FEVAR",78.8,28.08988764,55,0,2,2,0.0210614695,13.9,4.3,0,0,1,0,0,0,0,0,0,0,0,0,41.5900131406045
"359",8766,"FEVAR",69.7,25.826446281,60,0,2,3,0.0422885041,13,4.3,1,0,1,0,1,0,0,1,0,0,0,0,56.1103810775296
"360",8843,"FEVAR",71.3,30.718336484,60,0,2,3,0.0341955418,14.6,4.2,0,0,1,0,0,0,0,1,0,0,0,0,60.742444152431
"361",8872,"FEVAR",78.8,32.388355434,68,0,2,3,0.1130912799,11.2,4,1,0,1,0,0,1,0,0,0,0,0,0,54.9277266754271
"362",8877,"FEVAR",77.3,31.221303949,58,0,1,3,0.1285985169,12.2,5.1,1,0,1,0,0,1,0,1,0,0,0,0,60.676741130092
"363",8882,"FEVAR",70.5,21.09375,56,6,1,4,0.1080566124,12,3.5,1,0,1,1,0,0,0,1,0,0,0,1,7.91721419185282
"364",8899,"FEVAR",68.7,69.204152249,61,7,1,4,0.0768123381,15,4.7,0,0,1,0,0,0,0,1,0,0,0,0,45.7293035479632
"365",8924,"FEVAR",80.5,29.387755102,56,0,2,3,0.0741845034,15,4.8,1,0,1,0,0,0,0,1,0,0,0,0,60.676741130092
"366",8941,"FEVAR",68.4,32.192904936,60,0,2,3,0.0290023041,15.3,4.1,0,0,1,1,0,0,0,1,0,0,0,1,33.6727989487516
